{
  "cpu": {
    "user": 9387080,
    "sys": 5153420,
    "nice": 53590,
    "idle": 775802900,
    "wait": 428250,
    "irq": 0,
    "softIrq": 28220,
    "stolen": 0,
    "total": 790853460
  },
  "cpuPerc": {
    "user": 0.47103274559193953,
    "sys": 0.07556675062972293,
    "nice": 0.0,
    "idle": 0.4534005037783375,
    "wait": 0.0,
    "irq": 0.0,
    "softIrq": 0.0,
    "stolen": 0.0,
    "combined": 0.5465994962216625
  },
  "swap": {
    "total": 0,
    "used": 0,
    "free": 0,
    "pageIn": 0,
    "pageOut": 0
  },
  "loadAverage": [
    0.0,
    0.0,
    0.0
  ],
  "mem": {
    "total": 16697061376,
    "ram": 15928,
    "used": 12324995072,
    "free": 4372066304,
    "actualUsed": 5135552512,
    "actualFree": 11561508864,
    "usedPercent": 30.757223659617935,
    "freePercent": 69.24277634038206
  },
  "netInfo": {
    "defaultGateway": "192.168.1.1",
    "hostName": "laptop",
    "domainName": "(none)",
    "primaryDns": "192.168.1.1",
    "secondaryDns": "8.8.8.8"
  },
  "netStat": {
    "tcpStates": [
      0,
      15,
      0,
      0,
      0,
      0,
      5,
      0,
      31,
      0,
      21,
      0,
      0,
      0
    ],
    "tcpInboundTotal": 3,
    "tcpOutboundTotal": 48,
    "allInboundTotal": 3,
    "allOutboundTotal": 48
  },
  "procStat": {
    "total": 305,
    "idle": 0,
    "running": 0,
    "sleeping": 305,
    "stopped": 0,
    "zombie": 0,
    "threads": 1002
  },
  "tcp": {
    "activeOpens": 6490,
    "passiveOpens": 4188,
    "attemptFails": 99,
    "estabResets": 1036,
    "currEstab": 15,
    "inSegs": 2312271,
    "outSegs": 2250260,
    "retransSegs": 810,
    "inErrs": 13,
    "outRsts": 1771494
  }
}